login,id
mojombo,1
defunkt,2
pjhyett,3
wycats,4
ezmobius,5
ivey,6
evanphx,7
vanpelt,17
wayneeseguin,18
brynary,19
kevinclark,20
technoweenie,21
macournoyer,22
takeo,23
Caged,25
topfunky,26
anotherjesse,27
roland,28
lukas,29
fanvsfan,30
tomtt,31
railsjitsu,32
nitay,34
kevwil,35
KirinDave,36
jamesgolick,37
atmos,38
errfree,44
mojodna,45
bmizerany,46
jnewland,47
joshknowles,48
hornbeck,49
jwhitmire,50
elbowdonkey,51
reinh,52
timocratic,53
bs,68
rsanheim,69
schacon,70
uggedal,71
bruce,72
sam,73
mmower,74
abhay,75
rabble,76
benburkert,77
indirect,78
fearoffish,79
ry,80
engineyard,81
jsierles,82
tweibley,83
peimei,84
brixen,85
tmornini,87
outerim,88
daksis,89
sr,90
lifo,91
rsl,92
imownbey,93
dylanegan,94
jm,95
willcodeforfoo,100
jvantuyl,101
BrianTheCoder,102
freeformz,103
hassox,104
automatthew,105
queso,106
lancecarlson,107
drnic,108
lukesutton,109
danwrong,110
hcatlin,111
jfrost,112
mattetti,113
ctennis,114
lawrencepit,115
marcjeanson,116
grempe,117
peterc,118
ministrycentered,119
afarnham,120
up_the_irons,121
cristibalan,122
heavysixer,123
brosner,124
danielmorrison,125
danielharan,126
kvnsmth,127
collectiveidea,128
canadaduane,129
nate,130
dstrelau,131
sunny,132
dkubb,133
jnicklas,134
richcollins,135
simonjefford,136
josh,137
stevedekorte,138
chneukirchen,139
cheapRoc,140
technomancy,141
kenphused,142
rubyist,143
ogc,144
lazyatom,145
jdhuntington,147
nwebb,148
nsutton,149
sevenwire,150
brandonarbini,151
al3x,152
toolmantim,153
nicksieger,154
jicksta,155
joshsusser,156
jcrosby,157
thewoolleyman,158
technicalpickles,159
halbtuerke,160
ryanb,161
cnix,162
tpitale,163
cdcarter,164
atduskgreg,165
heff,166
entryway,167
aflatter,168
schofield,169
rbazinet,170
tranqy,171
robey,172
bkeepers,173
wilson,174
tommorris,175
charlesroper,176
adamwiggins,177
myobie,179
samgranieri,180
adam,181
mtodd,182
timcharper,183
paul,184
DocSavage,185
shane,186
vlucas,187
nex3,188
max-xx,189
norbauer,190
crigor,191
knowtheory,192
bernerdschaefer,193
zapnap,194
testdude,195
galinv,196
NZKoz,197
croaky,198
jeremy,199
ELLIOTTCABLE,200
monde,201
ryanbriones,202
wfarr,203
jseifer,204
symlink,205
sprsquish,206
codahale,207
zackchandler,208
jakehow,209
evan,210
olleolleolle,211
chrismcg,212
chuyeow,213
mloughran,214
matthewford,215
henrik,216
tkersey,217
acf,218
dan,219
seebq,220
delynn,221
spicycode,222
ntalbott,223
rdempsey,224
mjankowski,225
danahern,226
dctanner,227
alexvollmer,228
RailsAddict,229
scharfie,230
jhardy-deleteme,231
daikini,232
tdreyno,233
mysmallidea,234
jnunemaker,235
shayarnett,236
chad,237
pergesu,271
caplis,272
jqr,273
mattslack,274
tjogin,275
robbevan,276
marten,277
gnufied,278
hoverbird,279
remi,280
joshuamckenty,281
dfl,282
floydprice,283
alialliallie,284
activestylus,285
archfear,286
mudge,287
johnny,288
ss,290
ciconia,291
doudou,292
david,293
pedromg,294
wayne,295
steve,296
mark,297
ambethia,298
halfbyte,299
cannikin,300
anthonylewis,301
markcornick,302
itfische,303
ivoencarnacao,304
mcg,305
sco,306
norio,307
anttih,308
vintrepid,309
bigfleet,310
lypanov,311
ropiku,312
rds,313
zmoazeni,314
edwinmoss,315
tomfarm,316
SoreGums,317
bumi,318
dag,319
ruckus,320
mlins,321
luke,322
labria,323
raymorgan,324
edward,325
dsiem,326
talaris,327
jrun,328
chris,329
thejohnny,330
vic,331
thelibrarian,332
harukizaemon,333
ttcremers,334
bitbckt,335
brupm,336
v3rb0,337
hchoroomi,338
igouss,339
jamesmacaulay,340
jacobeus,341
djd,342
octave,343
damon,344
sbusso,346
tobi,347
raggi,348
tooky,349
aurelian,350
cnantais,351
gthoppae,352
lukemelia,353
ncdc,354
bendik,355
sbraford,356
mpalmer,357
jens,358
moneyspyder,359
tslocke,360
deletepls,361
jellybob,362
mascarenhas,363
zroetemeyer,364
pius,365
nullstyle,366
smogzer,367
guillaume,368
samaaron,369
endersonmaia,370
flowers,371
adamlogic,372
gaveen,406
waqas,407
dpetersen,408
marzo,409
fivethreeo,410
tandibar,411
cmer,412
trotter,413
dudleyf,414
kevinansfield,415
luigi,417
mattswasey,418
gotascii,419
rozza,420
frankbolero,421
shadowmaru,422
aunderwo,423
dfugere,424
james,425
xraid,426
wijet,427
parabuzzle,428
damienmckenna,429
nz,430
tynino,431
allan,432
bscofield,433
tkofol,434
trey,435
jimmy,436
foca,437
mathie,438
jarkko,439
norbert,440
jduff,441
gpaul,442
pablete,443
mokolabs,444
awilliam,445
dysinger,447
intabulas,448
avalade,449
ljsc,450
djdarkbeat,451
yrashk,452
famulus,453
rks,454
chriskaukis,455
caffo,456
timperrett,458
voodootikigod,459
kwe,460
bernd,461
winson,462
cblackburn,463
kunstreich,464
emanuel,465
cdwillie76,466
mando,467
zh,468
brandon-beacher,469
eric,470
iwarshak,471
sudara,472
choonkeat,473
cbowns,474
aussiegeek,475
zacheryph,476
dustym,477
benjamin,478
jackdempsey,479
blahutka,480
chrisabad,481
Squeegy,482
nakajima,483
mreid,484
melo,485
JESii,486
msimkins,487
angelo,488
wrenchlabs,489
jfcouture,490
ctran,491
garyharan,492
Zelnox,493
saimonmoore,494
spencer,495
santry,496
urubatan,497
kjf,498
judofyr,499
JJ,500
tfwright,501
scoop,502
rob,503
mkhl,505
nmerouze,506
franc,507
sphire,508
dbr,509
mhallendal,541
aroth,542
ahammock,543
chrisbailey,544
schelcj,545
drudru,546
etng,547
bct,548
rmanalan,549
AndrewO,550
njackson,551
Sutto,553
roop,554
ipvideomarketinfo,555
kad3nce,556
marvin,557
critzjm,558
ook,559
jhill,561
amoeba,563
mbbx6spp,564
tomtaylor,565
BJClark,566
purzelrakete,567
nmeans,568
alexkwolfe,569
jaikoo,570
timurvafin,571
jarib,572
davie,573
jdp,574
scottymac,576
komapa,577
brendan,578
mikeal,579
Shazburg,580
JohnArgh,581
wiremine,582
captproton,583
ludo,584
arisbartee,585
edallen,586
hatch,587
nickpad,588
joaovitor,589
ckhsponge,590
fd,591
wineq,592
daaku,593
pfig,594
natedaiger,595
probablycorey,596
ymendel,597
jmhodges,598
nickel,599
buru,600
wdperson,601
kevin,602
jstetser,603
ianloic,604
bansalakhil,605
blueboxjesse,606
fantom,607
h-lame,608
emilevdb,609
mdub,610
martinjandrews,611
wpiekutowski,612
lukeredpath,613
andykent,614
codehugger,615
aemadrid,616
mulder,617
jeremyboles,618
moorbrook,619
humandoing,620
george,621
dramsay,622
jonmagic,623
chriskilmer,624
zpinter,625
banderson623,626
bigethan,627
lmarlow,628
jrimmer,629
olly,630
hookercookerman,631
rubenlozano,632
doxavore,633
Bjwebb,634
daniel,635
qerub,636
leavengood,637
pjjw,638
barrym,639
ph,640
pbx,641
fspeirs,642
fernandoallen,643
davidsmalley,644
ryward,676
james2m,677
jlindley,678
dalsgaard,679
grantr,680
jtmxx,681
digitalhobbit,682
robmack,683
russ,684
alexagui,685
lsegal,686
fazibear,687
grosours,688
dermotbrennan,689
matschaffer,690
mazdak,691
bryckbost,692
farcaller,693
lstoll,694
sbellware,695
caius,696
dgiunta,697
oleganza,698
nkallen,699
heycarsten,700
jokull,701
adulteratedjedi,702
jparker,703
xxgreg,704
jimmygoodboy,705
tekkub,706
kaspar,707
seaofclouds,708
jared,709
delagoya,710
necrodome,711
maxwellcroy,712
digitalknk,713
kballard,714
BrentonEarl,715
malomalo,716
peregrine,717
chrislloyd,718
gregbell,719
pclouds,720
yesmar,721
brettg,722
xenith,723
martinisoft,724
marc,725
pjb3,726
cvk,727
revelation,728
xuejm,729
blowmage,730
gnu-lorien,731
bledig,732
travo,733
schmidt,734
tschacht,735
christos,736
v15h,737
jasherai,738
cylence,739
rmm5t,740
quigebo,741
shirkevich,742
LukeHoersten,743
roncohen,744
Bregor,745
juretta,746
jney,747
tom,748
mortenbagai,749
smerickson,750
lagsalot,751
djspiewak,752
jsgoecke,754
myabc,755
stefanoc,756
mde,757
oa,758
baldur,759
ctcherry,760
rjspotter,761
asanghi,762
malkomalko,763
PabloC,764
jerrod,765
jfreeze,766
vigosan,767
fbrubacher,768
mvanholstyn,769
zach,770
lydgate,771
alex,772
clupprich,773
jordanbrock,775
brijohn,776
mahnve,777
daveliu,812
Imbrondir,813
nimms,814
evs,815
genexp,816
akatz,817
rocanion,818
FooBarWidget,819
weepy,820
bitshape,821
peleteiro,822
igor,823
miles,824
wunki,825
mkomitee,826
jbattermann,828
mutle,829
baxter,830
shanesveller,831
brenton,832
zygote,833
peks,834
EugZol,835
cdb,836
DanielVF,837
michele,838
huxley,839
noin,840
blanco,841
skddc,842
galfert,843
haikuwebdev,844
medic0747,845
natacado,846
hotsyk,847
keeran,848
juliamae,849
mphilpot,850
mountain,851
remash,852
shantanoo,853
janfri,854
olivM,855
cavalle,856
andypearson,857
fredlee,858
motobuzz,859
bkudria,860
whynot,861
derekperrault,862
cpjolicoeur,863
pager,864
pengwynn,865
thom,866
sintaxi,867
scotu,868
peters,869
mmmurf,870
Phill,871
thetamind,872
spejman,873
alexvetter,874
jiphex,875
mschultz,876
larssg,877
lukerandall,878
tobinibot,879
eugen,880
neves,881
ragnard,882
benoitgoby,883
codeslinger,884
acidburnz,885
dennisreimann,886
mislav,887
armitage,888
bigbrother,889
slaytanic,890
mattly,891
pyrat,892
rigagoogoo,894
luisbarrueco,895
lucas-xx,896
Val,897
hunter,898
gensym,899
joseph,900
benhoskings,901
kennyp,902
luke0x,903
harrylove,904
tohchye,905
broughcut,906
lukaszcho,907
wasnotrice,908
bart-xx,909
ejdraper,910
shenoudab,911
kaitanie,912
Norgg,913
jodo,946
raskchanky,947
jonuts,948
rbriski,949
colin,950
soveran,951
jreynolds,952
daddz,953
tamersalama,954
minter,955
cndreisbach,956
melito,957
ibspoof,958
glv,959
heymarcel,960
cromney,961
blchamberlain,962
objo,964
ddemaree,965
hosh,966
zdennis,967
champion-xx,968
conorh,969
jackbaty,970
TaYpworm,971
wharle,972
mhat,973
gilesbowkett,974
ktheory,975
natalie,976
bricooke,977
cypher,978
mully,979
gregf,980
stickmanlabs,981
avdi,982
statik,983
phlipper,984
pierro,985
firewheel,986
sharnik,987
Sija,988
martinemde,989
brianleroux,990
slowernet,991
mlangenberg,992
outten45,993
rhult,994
vitaliel,995
trioglobal,997
skyfallsin,998
maxthelion,999
aslakhellesoy,1000
sbecker,1001
aharper,1002
stocad,1003
adambair,1004
ernesto-jimenez,1005
aglasgall,1006
marcinpohl,1007
Schultz,1008
altano,1009
damm,1010
plaggypig,1011
rwdaigle,1012
lbuenaventura,1013
sunfmin,1014
hilc,1015
amerine,1016
jjgod,1017
mystical,1018
holin,1019
justinweiss,1020
sethtrain,1021
mbleigh,1022
cobrien,1023
pstuteville,1024
da3mon,1025
fiveruns,1026
waferbaby,1027
codabee,1028
creston,1029
jkatz05,1030
jasonm,1031
antage,1032
cduhard,1033
matthewd,1034
mattman,1035
asiemar,1036
zmack,1037
Arthur,1038
nalin,1039
vivaopensource,1040
joao,1041
bloodearnest,1042
ealameda,1043
edbond,1044
pejorative,1045
mewz,1046
btbytes,1047
ismasan,1081
dpickett,1082
1083,1083
fsvehla,1084
glasner,1085
dmadding,1086
jwilkins,1087
shingara,1088
sebastian,1089
michaelklishin,1090
yaanno,1091
slip,1092
jamie,1093
azsromej,1094
phsilva,1095
wmoxam,1096
quirkey,1097
enhiro,1098
shillcock,1099
niallkennedy,1100
sandropaganotti,1101
sudothinker,1102
infovore,1103
mateusdelbianco,1104
cameroncox,1105
robhudson,1106
tolbrino,1107
juggy,1108
eliot-xx,1109
djwhitt,1110
patmaddox,1111
willnorris,1112
travis,1113
rickmzp,1114
fzero,1115
mm53bar,1116
adamc,1117
treybean,1118
railsdog,1119
mtarbit,1120
perpet,1121
eggie5,1122
omghax,1123
pmarsh,1124
drcode,1125
frim,1126
vg-xx,1127
coty,1128
nickmerwin,1129
rosshq,1130
larrytheliquid,1131
Conap,1132
alce,1133
bdarcus,1134
trym,1135
ovelar,1137
indmill,1138
sotirac,1140
tel,1141
michaelbarton,1142
bennettandrews,1143
cglee,1144
mza,1145
netguru,1146
webhostio,1147
markmcspadden,1148
expilo,1149
pingles,1150
nemequ,1151
thomasritz,1152
jamiehoover,1153
rahoulb,1154
Furie,1155
careo,1156
ndemonner,1157
Cordobo,1158
jesseclark,1159
coxy,1160
willb,1161
dust3d,1162
macgyver,1163
Krishna,1164
jipipayo,1165
mschrag,1166
dacresni,1167
rymai,1168
h3rald,1169
davidslee9,1170
stefanformrausch,1171
ndarilek,1172
cliffspence,1173
billturner,1174
bjhess,1175
chopmo,1176
nimbletechnique,1177
clawfire,1178
joevandyk,1179
wuntoo,1180
mjm,1181
aizatto,1182
vetler,1216
alexspeller,1217
ajturner,1218
durdn,1219
csshsh,1220
levinalex,1221
avh4,1222
myles,1223
awt,1224
jasonw22,1225
jwegis,1226
gkazulak,1227
ericflo,1228
paulca,1229
yarox,1230
prb,1231
mindreframer,1232
cthachuk,1234
hugh,1235
creiht,1236
durbin,1237
mmetzger,1238
conejo,1239
bcbroom,1240
DaGoodBoy,1241
bcg,1242
floyd,1243
unabomber,1244
alphabetum,1246
engie,1247
keseldude,1248
godber,1249
amattsmith,1250
kendall,1251
alinford,1252
qartis,1253
naturalethic,1254
jzting,1255
dougal,1256
ph0rque,1257
bryanveloso,1258
britt,1259
damog,1260
Townk,1261
bobbyrward,1262
dfdeshom,1263
cardmagic,1264
cbx,1265
ianfieldhouse,1266
bear,1267
quamen,1268
fa,1269
haberman,1270
joaomc,1271
russellc,1272
noss,1273
tobowers,1274
vangale,1275
jerry,1276
beastaugh,1277
puzza007,1278
zirpu,1279
brucem,1280
jakep36,1281
graham,1282
matehat,1283
burke,1284
mkbehr,1285
dbarros,1286
tomafro,1287
pvaillant,1288
eclesh,1290
brianm,1291
cee-dub,1292
johntaschereau,1293
zacbrown,1295
jasonting,1296
elq,1297
jonass,1298
mitchellh,1299
lgastako,1300
andrewlmurray,1301
mdiep,1302
gobansaor,1303
nickd,1304
steveclarke,1305
napcs,1306
duffduff,1307
cmd,1308
mechfish,1309
dyokomizo,1310
benradler,1311
benhiller,1312
patate,1313
scw,1314
harryf,1315
mallipeddi,1316
studlee2,1317
michaelmelanson,1318
marrone,1319
eyecat,1351
lackac,1352
Judeqiu,1353
kneath,1354
genepope,1355
GLXSeries,1356
freakzzz,1357
cosmin,1358
imbaczek,1359
dui,1360
systemride,1361
psaraci,1362
breily,1363
jh41740,1364
charlenopires,1365
deontologician,1366
techthumb,1367
biochimia,1369
notanumber,1370
fcoury,1371
jacky,1373
Interrupt,1374
cdr,1375
altitude-xx,1376
stefanpenner,1377
kjell,1378
spent,1379
ramon,1380
cleitonfco,1381
Fyda,1382
mdaines,1383
justin,1384
jonshea,1385
stuart,1387
greut,1388
crdlb,1389
esiegel,1390
ashchan,1391
bcotton,1392
tageorgiou,1393
cablehead,1394
weldyss,1395
paulcbetts,1396
jedharris,1397
keegnotrub,1398
neilio,1400
h3h,1401
trevrosen,1402
liebling,1403
afair,1404
fannar,1405
dangoldin,1406
freels,1407
hadronzoo,1408
sfryer,1409
complex,1410
mcroydon,1411
tristan,1412
afairley,1413
rmon,1414
dsrw,1416
davidmohara,1417
ynd,1418
brentd,1419
vcgomes,1420
flyingmachine,1421
pphetra,1422
lisamac,1423
mcolyer,1424
gdagley,1425
chrisk,1426
jpostula,1427
alexeysudachen,1428
Rickasaurus,1429
na9da,1430
paulstansifer,1431
stphnclysmth,1432
ripvtech,1433
Bertg,1434
davemerwin,1435
bob,1436
kobs,1437
alexmoore,1438
mikedouglas,1440
blakelivingston,1441
arturz,1442
Screwperman,1443
rbarazi,1444
pierrevdb,1445
maborg,1446
sergiutruta,1447
bdainton,1448
mintchaos,1450
asp742,1451
khamer,1452
ghoseb,1453
tommi,1454
Petteri,1455
tomjen,1456
zwischenzugs,1457
tronical,1486
dom,1487
bivab,1488
gene9,1489
hassy,1490
markun,1491
bandito,1493
darrencornwell,1494
thesite,1495
rspanton,1496
mikewest,1497
arnar,1498
deresh,1499
mstormo,1500
carlo,1501
Niriel,1502
HansF,1503
hummingbird,1504
vezquex,1505
oyvindfanebust,1506
soma,1507
jablan,1508
ml,1509
marcoow,1510
sauspiel,1511
dacort,1512
SimonS,1513
muffinresearch,1514
ebb,1515
bradwright,1516
husio,1517
taoufix,1518
jan,1519
thomasfl,1520
aemkei,1521
mattis,1522
gervaz,1523
thade,1524
snoack,1525
NicolasP,1526
rmoriz,1527
xinitrc,1528
kalin,1529
dvgb,1530
nnamdiu,1531
nkpart,1532
Artied,1533
easytiger,1534
cynix,1535
salilj,1536
ricardocosta,1537
dikini,1539
craigw,1540
bakert,1541
mcmarto,1542
jeffshadap,1543
newtonapple,1544
number5,1545
kolektiv,1546
rory,1547
babo,1548
ilkka,1549
ibroadfo,1550
abradburne,1551
theflow,1552
Jonty,1553
neaf,1554
capisce,1556
jackliddle,1557
ask,1558
refly,1559
richard,1560
jgworks,1561
elurin,1562
bru,1563
jstewart,1564
KevM,1565
jhnsntmthy,1566
kajecounterhack,1567
taf2,1568
ola,1569
bharendt,1570
stan,1571
edwardgeorge,1572
lgs,1573
joshuaclayton,1574
holst,1575
nkohari,1576
alf,1577
pacoalexander,1578
ralsina,1579
rubbish,1580
keibro,1581
dizz,1582
mikehale,1583
donmullen,1584
xla,1585
tmpjr,1586
fserb,1587
lvaruzza,1588
edavis10,1621
entombedvirus,1622
pagenoare,1623
breakpointer,1624
extraface,1625
snucko,1626
jamis,1627
yorkedork,1628
andrewg,1629
solesby,1630
tambet,1631
aake,1632
bjc,1633
ennova2005,1634
binarydud,1635
naryga,1636
josephgrossberg,1637
capitalist,1639
lfelipe,1640
gojomo,1641
rubysolo,1642
kjohnston,1643
stanisav,1644
BCable,1645
cspathis,1646
schutte,1647
JohnConner,1648
xavi,1649
jgagne33,1650
Abica,1651
tantalor,1652
shift,1653
jwilger,1654
kamidev,1655
andrewy,1657
gerard,1658
rictic,1659
samuelt,1660
coat,1661
swsnider,1662
hamann,1663
svenstaro,1664
ebassi,1665
luiscosio,1666
seano288,1667
john,1668
mallum,1669
corsix,1670
scrooloose,1671
blader,1672
alexcharlie,1673
jason,1674
davidsidlinger,1675
fightinjoe,1676
brendano,1677
alltom,1678
orderedlist,1680
PhilGeek,1681
juancq,1682
ap,1683
mcclung,1684
tgoertz,1685
xevo,1686
acangiano,1687
stolt45,1688
kevindamm,1689
horndude77,1690
bryansray,1691
cw,1692
ryderblue,1693
jkatz,1694
Anks,1695
han,1696
thauber,1697
natch,1698
gtcaz,1699
ike-xx,1700
das-q,1701
muncman,1702
cjheath,1703
aaa,1704
zeno,1705
meqif,1706
xpl,1707
celldee,1709
aubergene,1710
carletes,1711
toke,1712
rafaelroquetto,1713
xaviershay,1714
hannes,1715
qua,1716
alfborge,1717
joshua,1718
segelvik,1719
mikevalstar,1720
jeremydurham,1721
eugene,1722
rmcafee,1725
nerdEd,1726
StFS,1756
mamapitufo,1757
pdsull,1758
lejoe,1759
Apphilosophy,1760
enquora,1761
andrewn,1762
charlie,1763
voidfiles,1764
zakk,1765
morpheuz,1766
jkochis,1767
flipout,1768
justin-xx,1769
benhodgson,1770
niryariv,1771
seancribbs,1772
Octotherp,1773
jast,1774
sergecpelletier,1775
bronson,1776
cowsandmilk,1777
sporkmonger,1778
dustin,1779
infused,1780
jameydavis,1781
rafsoaken,1782
swallick,1783
paulgroves,1784
shadoi,1785
akwala,1786
holtmann,1787
brendanlim,1788
nathansobo,1789
dbrown,1790
jon,1791
guercheLE,1792
vranjank,1793
neh,1794
Jakobo,1795
teej,1796
codemac,1797
kimj,1798
mattgrayson,1799
tequi,1800
yolfer,1801
aivarannamaa,1802
ruediger,1803
potatosalad,1804
xentac,1805
mightymiracleman,1806
robins,1807
adrian,1808
krobertson,1809
duonoid,1810
valnour,1811
blake,1812
dragon,1813
nate86,1814
stephane,1815
kziv,1816
jish,1817
lrtitze,1818
cj,1819
mtsuruta,1820
hoggarth,1821
sgraham,1822
benaskins,1823
wrl,1824
tacvbo,1825
pointcom,1826
mw,1827
zettablade,1828
jfontan,1829
xunevyfumosymalo,1830
charrington,1831
nyxwulf,1832
cicloid,1833
hyperfusion,1834
florolf,1835
PhillipTaylor,1836
bmabey,1837
barbieri,1838
chriseppstein,1839
azar,1840
nopundittenet,1841
verbal,1843
ryanlowe,1844
francoislaberge,1845
ayman,1846
tomaszskutnik,1848
wherecloud,1849
mspang,1850
stantont,1851
PhilAndrew,1852
wagonmaster,1853
apexsutherland,1855
crispix,1856
RobertStevenson,1857
jamesakers,1858
stephdau,1891
paxx2,1892
gbraad,1894
bartTC,1896
catch23,1897
caio,1898
dennis,1899
asb,1900
heimidal,1901
since1968,1902
jamiew,1903
paulrosania,1904
kassoulet,1905
mikeocool,1906
sabman,1907
rubyisbeautiful,1908
gutsbolts,1909
caritos,1910
Gevey,1911
gassoy,1912
ariejan,1913
mhw,1914
kivikakk,1915
MighMoS,1916
bisho,1917
danderson,1918
bobuk,1919
defeated,1920
peterson,1921
gabe,1922
lethain,1923
staticbomb,1924
x37llnoise,1925
markryall,1926
guymeyer,1927
triveos,1928
ceball,1929
kbrock,1930
jsanti,1931
thelema,1932
metavida,1933
dglazkov,1934
rares,1935
hello-xx,1936
jmimick,1937
eventualbuddha,1938
ricardocastro,1939
georg,1940
azabaj,1941
nickb,1942
majersee,1943
joe-loco,1944
casey,1945
herrtreas,1946
smoofles,1947
railsbros-dirk,1948
mdinacci,1949
hchbaw,1950
anton,1951
fastman,1952
dill,1953
abisani,1954
teddyzetterlund,1955
blj,1956
creator-zz,1957
fitzage,1958
mlizoain,1959
funkatron,1960
crshle,1961
wesroe,1962
rphillips,1963
lincolnloop,1964
bsenyk,1965
eoghanmccabe,1966
esanchma,1967
pfeilbr,1968
goldenmeanie,1969
mgrajcarek,1970
davidjrice,1971
mg,1972
will,1973
infininight,1974
dragaroo,1975
sqs,1976
mjc,1977
aadvaark,1978
jonleighton,1979
clim,1981
markjeee,1982
jjonphl,1983
jermaustin,1984
konakona,1985
greyfade,1986
trogger,1987
harm,1988
jordanfowler,1989
davidolrik,1990
aungur,1991
MamaTux,1992
aurelijus,1993
gregnewman,2026
zeenix,2027
lstep,2028
garethr,2029
ruphy,2030
whomwah,2031
billm,2033
dmeiz,2034
carlosbrando,2035
dcancel,2036
fairchild,2037
eduardo,2038
pilhofer,2039
gicmo,2040
bratsche,2041
btaylor,2042
iamstillalive,2043
harrisj,2044
gnubios,2045
dguettler,2046
ericgoodwin,2047
gburt,2048
ardekantur,2049
kirk,2050
bbttxu,2051
kbob,2052
badcarl,2053
andreum,2054
nathanwfish,2055
garnaat,2056
trak3r,2057
zhhz,2058
fahim,2059
sah,2060
Stefan,2061
kopertop,2062
vertiginous,2063
rwl4,2064
sgala,2065
abbra,2066
kblake,2067
electric,2068
CharlieSu,2069
isaac,2070
JackDanger,2071
cjse,2072
imajes,2073
teamtux,2074
teyc,2076
jaw6,2077
mbarb0sa,2078
whoisjake,2079
jeannie,2080
cmaggard,2081
hspitia,2082
Bira,2083
notch8,2084
jamesaspinwall,2085
laribee,2086
sanga,2088
clee,2089
abedra,2090
bjsteiger,2091
bigjhnny,2092
pschalm,2093
simonpk,2094
matthutchinson,2095
bohford,2096
vsharma,2097
secondtoughest,2098
pjanderson,2099
leonho,2100
ericstewart,2101
tbenne02,2102
jobi,2103
jcnetdev,2104
johnclaus,2105
Wobin,2107
iamruinous,2108
quicklywilliam,2109
chipski,2110
misto,2111
winston,2112
Negaja,2113
Sigurd,2114
eastein,2115
jasonwatkinspdx,2116
CrazyPit,2117
jnwhiteh,2118
yuri,2119
akhavr,2120
mtrimpe,2121
gma,2122
h3xl3r,2123
roy,2124
cjsmessaert,2125
River,2126
bruci,2127
nunonunes,2128
badboy,2129
febuiles,2161
getconor,2162
patoh,2163
codeblogger,2164
errcw,2165
doubledare,2166
octover,2167
harmon,2168
rgregory,2169
mattbeedle,2170
pardel,2171
sethwalker,2172
langalex,2173
Catfish,2174
Fudge,2175
ppierre,2176
yolk,2177
virgild,2178
kellan,2179
lucaspanjer,2180
yeah,2181
dpiddy,2182
martincik,2183
supafly,2184
booleanman,2185
benstiglitz,2186
kemayo,2187
unders,2189
ralph,2190
peterlih,2191
gnoshme,2192
jeremybise,2193
foucist,2194
arthurschreiber,2195
rbarooah,2196
jonnii,2197
az,2198
herzi,2199
account-settings,2200
uwolfer,2202
amontoya,2203
RobertL,2204
kjg,2205
thomasscovell,2206
spirozh,2207
svenfuchs,2208
wart,2209
SteveMarshall,2210
damnpenguins,2211
slewis,2212
Zariel,2213
dwillis,2214
whiteley,2215
spike,2216
tdyer,2217
redondos,2218
myelin,2219
techpeace,2220
mlandauer,2221
stevenberg,2222
boboroshi,2223
jjh,2224
graham71,2225
mage2k,2226
leifthande,2227
tjl,2228
hal-xx,2229
scartunas,2230
djgraphite,2231
bobreyes,2232
sickp,2233
brinkost,2234
mgreenly,2235
aseigo,2236
davidmduarte,2237
ryanirelan,2238
goban,2239
davidt,2240
melriffe,2241
softprops,2242
kristinalim,2243
awilkinson,2244
vamsee,2245
joannou,2246
unragr,2247
pedro,2248
macio,2250
Senori,2251
specialist,2252
seb,2253
aaronbrethorst,2254
kamui,2255
kates,2256
cyx,2257
jerome,2258
simonm,2259
MDCore,2260
nazgul,2261
zhenyi,2262
JamesHarrison,2263
cheeaun,2296
blair,2297
scrubber,2298
bam-xx,2299
webmat,2300
soult,2302
danja,2303
jerrett,2304
agrover,2305
timothykim,2306
Frost,2308
edgecase,2309
eungyu,2310
phurley,2311
rtmfd,2312
infil00p,2313
nutmeg,2314
dw,2315
voins,2316
flexd,2317
danimal,2318
wukerplank,2319
alloy,2320
mgrimes,2321
jthomas,2322
kschrader,2323
maxxim,2324
ademcho,2325
jkit,2326
zequix,2327
DrMark,2328
rrosson,2329
jondistad,2330
jhamann,2331
danharan,2332
niroze,2334
Bugmaster,2335
jwarchol,2336
konobi,2337
digitalronin,2338
sungo,2339
anthonycrumley,2340
kriberg,2341
mjwall,2342
rcarver,2343
oliver,2344
gruner,2345
garrizaldy,2346
jbrewer,2347
iccodes,2348
percyperez,2349
pvande,2350
ChadOhman,2351
angryrabbit,2352
angelo0000,2353
jash,2354
jhirbour,2355
awallwork,2356
RichGhostWolf,2357
Heril,2358
daeken,2359
abasit,2361
disnet,2362
darashi,2363
ebangug,2364
Dieken,2365
nick-b,2366
jrockway,2367
lauer,2368
jhoyimperial,2369
soulim,2370
hojberg,2371
fredericsidler,2372
pfefferle,2373
diroussel,2374
thsp,2375
bastien,2376
jdelStrother,2377
johnnyjacob,2378
davidwparker,2379
garyvanhoek,2380
metaskills,2381
lordfenric,2382
aom,2383
sherrry,2384
anthonyplanet,2385
levent,2386
codyfauser,2387
mauve928,2388
jstotz,2389
jonlongnecker,2390
jwoertink,2391
paradyme,2392
rmiranda,2393
timshadel,2394
ecarnevale,2395
mars888,2396
hb,2397
mugwump,2398
cdmwebs,2399
cyu,2431
mmcgrana,2432
qmclaugh,2433
orlin,2434
rumble,2435
DraXus,2436
duff,2437
dhess,2438
ouvanous,2439
marcopaga,2440
Oshuma,2441
chriscorrea,2442
Valentin,2443
avodonosov,2444
mocoso,2445
mhorbul,2446
efrendiaz,2447
nauj27,2448
toastdriven,2449
fagiani,2450
zilkey,2451
dandorman,2452
aezell,2454
dbjohnston,2455
pacastillo,2456
sethbc,2457
robertknight,2458
johan,2459
cmatthias,2460
jonasb,2461
ahlen,2462
kael,2463
icwiener,2464
dcparker,2465
ubii,2466
fernand0,2467
jeffrey,2468
linuxfrosch,2469
criscokid,2470
baccigalupi,2471
tgittos,2472
hallidave,2473
ashri,2475
VictorTolbert,2476
Xilon,2477
djones,2478
jgelens,2479
Roman2K,2480
jasontorres,2481
neovintage,2482
scotthenley,2483
jugglebird,2484
kamajii,2485
dingyi,2486
RyDawg,2487
nertzy,2488
yangzx,2489
mootoh,2490
moustaki,2491
Tux,2492
bertoldofonseca,2493
sturob,2494
daesan,2495
kallepersson,2496
filipe,2497
patrickt,2498
antonysastre,2499
kdaigle,2501
juanlu,2502
rsutphin,2503
tobiash,2505
hofo,2506
stevepsharpe,2507
patrickxb,2508
unnature,2509
patrickdet,2510
ramunas,2511
redsquirrel,2512
jdpace,2513
ffmike,2514
davidmichael,2515
artisonian,2516
joshkim,2517
andreas,2518
fmardini,2519
fred,2520
RowanH,2521
gulopine,2522
btedev,2523
zac,2525
GavinJoyce,2526
alainravet,2527
jcaldwell,2528
ryanh,2529
mbaltar,2530
lucky4me,2531
Aeon,2532
theshortcut,2533
type11error,2534
brigitte,2535
riaondemand,2566
tmm1,2567
mikewadhera,2568
phrakture,2569
pina,2570
aiwilliams,2571
jgehtland,2572
mackstann,2573
danielkozan,2574
NaterGator,2575
tricon,2576
nickm,2577
martinstannard,2578
randypuro,2579
hughevans,2580
lhl,2581
ctagg,2583
morgs,2584
laurio,2585
aidid,2586
johnfuller,2587
scvalex,2588
stuarthalloway,2590
lsc,2591
tmenick,2592
zodttd,2593
dscoleman,2594
standout,2595
dmcnally,2596
mediogre,2597
nakula,2598
mieg,2599
mrubens,2600
nickmc,2601
gholker,2602
sstephenson,2603
ricktessner,2604
alistair,2605
lynnwallenstein,2606
gstark,2607
mzarra,2608
mchung,2609
noonat,2610
mralex,2611
mwest,2612
jeffdavis,2613
strongcoffee,2614
linuxyz,2615
rrichards,2616
baron,2617
Gregg,2618
dagbrown,2619
emghufran,2620
bradfitz,2621
dittos,2622
copumpkin,2623
bhauman,2624
momerath42,2625
samzurcher,2626
matthiask,2627
mattfoster,2628
jaimeiniesta,2629
makoto,2630
tobias,2631
tek,2632
FunkeeMonk,2633
cdwills,2634
momalley,2635
jfalcon,2636
themattharris,2637
hlopez,2638
PixlNinja,2639
jonstep,2640
hurrycane,2641
samsouder,2642
neil,2643
jd,2644
juhazi,2645
dshipton,2646
mkhatib,2647
jeanlazarou,2648
dougcole,2649
danidoni,2650
bmaland,2651
yfactorial,2652
tjweir,2653
walf443,2655
Tobu,2656
willduncanphoto,2657
BlackNet,2658
drazed,2659
russell,2660
chendo,2661
slime73,2662
Miharu,2663
batasrki,2664
dannyamey,2665
darrylring,2666
sss,2668
gabriel,2669
tangles,2701
lucasefe,2702
calas,2703
geoffgarside,2704
trabian,2705
jnareb,2706
iorum-ie,2707
Inviz,2708
matt,2709
jmorton,2710
frazerh,2711
kevinchiu,2712
antonmos,2713
chapados,2714
andrewgarner,2715
maryrosecook,2716
zacbir,2717
cstormer,2718
hugobarauna,2719
fesplugas,2720
mirven,2721
jakubkosinski,2722
holman,2723
kovacs,2724
Ramarren,2725
robotofthefuture,2726
invalidusrname,2727
bthatswho,2728
bickfordb,2729
mleung,2730
diasjorge,2731
ccollins,2732
eklitzke,2734
tvongaza,2735
dewitt,2736
pedrosanta,2737
pinya,2738
tarvaina,2739
pcrowder,2740
dhh,2741
ab5tract,2742
claymccoy,2743
pervel,2744
rufo,2745
dmolsen,2746
bakineggs,2747
jmah,2748
fabien,2749
scottschram,2750
stderr,2751
skorgu,2752
dbeach,2753
kolach,2754
faisal,2758
thijsb,2759
kbarry,2760
joaofs,2761
asheriff,2762
hemsheimer,2763
bradland,2764
bradfordw,2765
jonathan,2766
nono,2767
drw,2768
freshtonic,2769
darkhorse,2770
andymatuschak,2771
mayo,2772
freetwix,2773
Ninju,2774
guenin,2775
cool2java,2776
cabrilo,2777
twobit,2778
agale,2779
andycroll,2780
chorrell,2781
Grayson,2782
ozeias,2783
acesuares,2784
tritq,2785
lavallee,2786
jsallis,2787
jawbroken,2789
joshuabates,2790
bbum,2791
deepblue,2792
Geert,2793
yannick,2794
wildtangent,2795
dlc,2796
masone,2797
spgarbet,2798
vickeryj,2799
dgfitch,2800
loke-xx,2801
Jeraimee,2802
haruska,2803
fermion,2804
mdarby,2805
poulikov,2836
klaste,2837
pdamer,2838
derencius,2839
akitaonrails,2840
chmurph2,2841
wesabe,2842
tsykoduk,2843
stem,2844
aruiz,2845
mudboy,2846
andrzejkrzywda,2847
paulgribble,2848
dringoen,2849
kip,2850
matte,2851
tene,2852
aktagon,2854
ellinghaus,2855
tim,2856
lackstein,2857
peej,2858
rcorrear,2859
neiled,2861
davidmathers,2862
divoxx,2863
firmasaga,2864
richq,2865
tundramonkey,2866
nutrun,2867
mdp,2868
nigelsim,2869
rubyredrick,2870
val1um,2871
singingfish,2872
Cosmos95,2873
precipice,2874
emerose,2875
aredridel,2876
dennmart,2877
mrb,2878
mmarshall,2879
pvh,2880
niick,2881
nikolay,2882
zbender,2883
anjin,2884
Pistos,2885
dblack,2886
yangjindong,2887
elucid,2888
eli,2889
jeffd,2890
jspillers,2891
shanselman,2892
twifkak,2893
agebert,2894
aub,2895
maxx,2896
nakedjason,2897
wildfalcon,2898
sizix,2899
stefw,2900
bgreenlee,2901
reagent,2902
broonie,2903
jwhiteman,2904
rubyconsumer,2905
apardo,2906
ioptics,2907
atw,2908
jcn,2909
ohammersmith,2910
mperham,2911
crowbot,2912
ja,2913
geordan,2914
hexorx,2915
imkite,2916
AlSquire,2917
elfredpagan,2918
jamespearson,2919
david-harkness,2921
rubyruy,2922
Soleone,2923
albertito,2924
orgsync,2925
madmatah,2926
matthewcarriere,2927
sonny,2928
georgeguimaraes,2929
austinfromboston,2930
michael,2931
wjs-zz,2932
adamstac,2933
alexk,2934
stuartsaunders,2935
jw-00000,2936
ajmorris,2937
ningerso,2938
rentzsch,2971
pobivan,2972
adakkak,2973
tapz901,2974
khigia,2975
JonathanTron,2976
pangel,2977
webicus,2978
Karimbou,2979
jgarlick,2980
karnowski,2981
johan--,2982
schmurfy,2983
zzgavin,2984
Xuerian,2985
paulanthonywilson,2986
ideaoforder,2987
jasonrudolph,2988
summerville,2989
dweinand,2990
kschiess,2991
arthurgeek,2992
luniki,2993
ssax,2994
mat3001,2995
mdillon,2997
Gori,2999
stinie,3000
jfchevrette,3001
reddavis,3002
mdiedric,3003
greenstem,3004
powerchurch,3005
tarasis,3006
edruder,3007
cbernardi,3008
fnando,3009
subblue,3010
mrreynolds,3011
mroch,3012
gustavocardoso,3013
thiagoarrais,3014
rwanderley,3015
ufef,3017
ebryn,3018
cbarrett,3019
purplefoot,3020
terrells,3021
floere,3022
messer,3023
zsombor,3024
kernow,3025
openist,3026
jeffk,3027
eparreno,3028
robrasmussen,3029
keeruline,3030
eah,3031
mattkanwisher,3032
okiess,3033
markdillon,3034
milaniliev,3035
eltiare,3036
esteil,3037
harper,3038
brendanjerwin,3039
learc83,3040
strykstaguy,3041
segfault,3042
UntoThisLast,3043
jgm,3044
joonathan,3045
fitz,3047
chilts,3048
azapparoli,3049
microslave,3050
pakenhamboy,3051
squadette,3052
igowen,3053
nipuL,3054
atennis,3055
metade,3056
sebug,3057
patricklai,3058
pulsar,3060
difro,3061
fireeagle,3062
byllc,3063
lexluthor,3064
shodZ,3065
bluemarvin,3066
tropicalchick,3067
boohay,3068
commandtab,3069
Kyonko,3070
jimjimovich,3071
bdecrem,3072
jonsgreen,3073
stroft,3074
niko,3075
spurton,3106
mlynn,3107
tijs,3108
nacs,3109
Zenithar,3110
bbuckley,3112
rgiard,3113
frantk,3114
mml,3115
ronier,3116
jbarnette,3117
mqjjb30e,3119
darshan,3120
jacob,3121
brianjlandau,3122
mineiro,3123
tenderlove,3124
bmelts,3125
felixclack,3126
mrgood,3127
maccheck,3128
elliottslaughter,3129
Cale,3130
sloser,3131
lumen,3132
don,3133
timriley,3134
neilmcg,3135
dpb,3136
hknylmzx,3137
ryuji,3138
hdiogenes,3139
AmkG,3140
crybaby,3141
jlsync,3142
problem,3143
leo-xx,3144
offby1,3145
michaelmistretta,3146
psychs,3147
kostas,3148
absz,3149
shlomif,3150
jasonmccay,3152
BenWard,3153
johnd,3154
pudney,3155
ajz,3156
mikepence,3157
threeve,3158
bugQ,3159
deancameron,3160
akkartik,3161
nicoulaj,3162
darksiren,3163
moraes,3164
pwkoolj,3165
leeky,3166
slashdotdash,3167
riggasconi,3168
floehopper,3169
hpopp,3170
zilionis,3171
jfernandez,3172
markofkin,3173
AlexFarran,3174
melfar,3175
dsabados,3176
teeter,3177
invalidrecord,3178
captblanket,3179
tastapod,3180
rjs,3181
pyodor,3182
chillatgvc,3183
hemer,3185
caleon,3187
is,3188
spektroskop,3189
rutger,3190
xh,3191
tomstuart,3192
sacado,3193
keeny,3194
nu2rails,3195
newbamboo,3196
arete,3197
cptfinch,3198
davidnarayan,3199
rubystream,3200
nbarthelemy,3201
aziz,3202
troels,3203
pepe,3204
anjo,3205
gsiener,3206
seanmurph,3207
tkhozein,3208
alto,3209
kaipr,3210
chriswarren,3241
avdgaag,3243
robertbrook,3244
paolodona,3245
barryf,3246
fredrikbach,3247
zimbatm,3248
ryanfelton,3249
bjtitus,3250
apanda,3251
sgtcoolguy,3252
pacifists,3253
gustavomzw,3254
westphahl,3255
tdraegen,3256
stephenhandley,3257
earino,3258
milli,3259
chronicole,3260
mrpeterpeter,3261
dugsmith,3262
chadwpry,3263
webbdog,3264
ehird,3265
itay,3266
ryanahamilton,3267
uhlenbrock,3268
ettomatic,3269
mhennemeyer,3270
boe,3271
morty,3272
Sprak,3273
rpgoldman,3274
leewbutler,3275
jdigger,3276
smtm,3277
mfb,3278
nextmat,3279
sintaks,3280
smartkiwi,3281
mtwentyman,3282
scottag99,3283
dragosdimitriu,3284
mkrisher,3285
gumgum,3286
tomkersten,3287
barwin,3289
brownsm,3290
SWolfe2000,3291
kris,3292
michaelp,3293
shaiguitar,3294
tpaksu,3295
buck,3296
sgabello,3297
werkshy,3298
stany,3299
jherdman,3300
rfugger,3301
k0001,3302
jedbrown,3303
shenie,3304
vasi,3305
stueccles,3306
richdownie,3307
ddollar,3308
adulau,3309
neomindryan,3310
fauxmachine,3311
snatchev,3312
cris,3313
dougeven,3314
yaegor,3315
AllanD,3316
Industrial,3317
AdamG,3319
nimblemachines,3320
wuputah,3321
lperichon,3322
nonsequitur,3323
raymyers,3324
mylescarrick,3325
adragomir,3326
tehmaze,3327
jbernard,3328
billeisenhauer,3329
jaywilliams,3330
jim,3331
dan-manges,3332
wxin,3333
idlivethere,3334
hippo5329,3335
dante-xx,3336
ThisOldCoder,3337
amaximov,3338
KiWiB0RG,3339
mathias,3340
abraham,3341
gerhard,3342
brianteutsch,3343
clocksarestupid,3376
liz,3377
wharrislv,3378
doug,3379
jflatow,3380
Skewler,3381
fabricio,3382
tavon,3383
jhubert,3384
sgruhier,3385
agrieser,3386
fxn,3387
towynlin,3389
madrobby,3390
kporangehat,3391
tobie,3392
rue,3393
thomd,3394
kirbmart,3395
Righteousham,3396
jacqui,3397
alikuski,3398
jfinch,3399
kipper,3400
sunfast,3401
djalmaaraujo,3402
cade,3403
codelotus,3404
jaywhy,3405
nawoto,3406
minichiello,3407
felipemesquita,3408
kinghajj,3409
someguy,3410
fourchanprog,3411
thomas,3412
rugyoga,3413
astubbs,3414
whisker,3415
thoughtpolice,3416
benj0323,3417
guyvdb,3418
moro,3419
typester,3420
grundprinzip,3421
ms-peter,3422
meili,3423
mbrindley,3424
educhana,3425
pulni,3426
wick3d,3427
caring,3428
antelio,3429
joshutt,3430
nat,3431
grobie,3432
sunfjun,3433
rafudu,3434
jnarowski,3435
copyhacker,3436
mash,3437
indrekj,3438
AbortRetryFail,3439
xilo32,3440
yipstar,3441
handcrafted,3442
mikeymicrophone,3443
kieran,3444
frederik,3445
gubler,3446
robmckinnon,3447
fester,3448
savetheclocktower,3450
CodyBohn,3451
voceconnect,3452
braintree,3453
daglo,3454
jbsf,3455
blissdev,3456
niclas,3457
kentaro,3458
wonko,3459
viktors,3460
dbackeus,3461
jimiray,3462
stevenbristol,3463
sneeu,3464
kalos,3465
DanielSeidel,3466
kovyrin,3467
penryu,3468
Sajfer,3469
scytrin,3471
ocher,3472
komu,3473
neurokinetikz,3474
austinmoore,3475
ssalaahuddin,3476
ncarlson,3477
dce,3478
flo,3511
toninho,3512
atnan,3513
jscheid,3514
FND,3515
erkki,3516
caudill,3517
insightmethods,3518
jang,3519
tbalthazar,3520
bmxposer,3521
orion,3522
jonathannelson,3524
marcbey,3525
tie-rack,3526
TomK32,3527
markbates,3528
jimmiejo,3529
renato,3530
aivanov,3531
danielsimser,3532
t0xa,3533
shoe,3534
etiennebarrie,3535
drewolson,3536
npverni,3537
lloydpuckitt,3538
tante,3539
brianketelsenllc,3540
jomz,3541
pluskid,3542
jbarket,3543
gene-smith,3544
dantebronto,3545
mdirolf,3546
bobvarghese,3547
AArnott,3548
oakridgelanl,3549
dugb,3550
danielrhammond,3551
davesouth,3552
schrepfler,3553
btanaka,3555
davidbgk,3556
ledermann,3557
pbhogan,3558
jaggederest,3559
jpedroso,3560
hypomodern,3561
Tobiaswk,3562
zippy,3563
crazoid,3564
Floppy,3565
adamv,3566
adisak,3567
jaboojoo,3568
vlarsen,3569
x0r,3570
PaulRaye,3571
gdcbyers,3572
jelle,3573
okr,3574
agateau,3575
cjgraphix,3576
gartho,3577
raybondo,3578
blt,3579
tkuntario,3580
jeremybower,3581
akraut,3582
donparker,3583
ank,3584
shad,3585
jmonteiro,3586
kingdon,3587
alexisrobert,3588
harningt,3589
Whitespace,3590
iivanovic,3591
unilogic,3592
CodeOfficer,3593
findrails,3594
shingo,3595
pvl,3596
rcabaco,3597
cfedde,3598
klatos,3599
jakepaul,3600
mrfabbri,3601
nickstenning,3602
makyox,3603
grim,3604
danmunk,3605
wr0ngway,3606
arijo,3607
robc,3608
pmh,3609
travismgibson,3610
mattam,3611
lucky,3612
entropie,3646
jarzebski,3647
joefiorini,3648
joecairns,3649
vkryukov,3650
ovokinder,3651
rik,3653
bokchoy,3654
abloom,3655
JamesCropcho,3657
blackrat,3658
Kurisukun,3659
demonnic,3660
skizz,3661
atinypixel,3662
masaki,3663
btakita,3664
sreeix,3665
stz,3666
matthooks,3667
andriytyurnikov,3668
istruble,3669
rolandd,3670
blynn,3672
tail,3673
danielha,3674
gerrit,3675
tastyplanner,3676
tastyplannerkevin,3677
megalithic,3678
palashbasu,3679
admkrm,3680
karl,3681
lachlanhardy,3682
ljuti,3683
brainv,3684
gvellut,3685
squarefactor,3686
tekin,3687
carlitos-xx,3688
oavdeev,3689
smtlaissezfaire,3690
nummi,3692
lancevo,3693
Carolina,3694
mbroggy,3695
ar2drummer,3696
nathanpbell,3697
rsgrafx,3698
jazen,3699
curvezilla,3700
GFunk911,3701
krammer,3702
bsimpson,3703
daisy-xx,3704
mnutt,3705
cameronhickey,3706
alexknowshtml,3707
loymoser,3708
cwisecarver,3709
nfg,3710
blackanger,3711
socioclast,3712
lhalff,3713
l15n,3714
RayHightower,3715
iecker,3716
jbwiv,3717
speckindustries,3718
clive,3719
mfoemmel,3720
mtenpow,3721
mon-zz,3722
jperla,3724
haiyangjy,3725
Ivor,3726
thechrisoshow,3727
axelb,3728
hallison,3730
gwynm,3731
drifteaur,3732
matias,3733
zolk,3734
cpadwick,3735
ciaran,3736
pjones,3737
jperkins,3738
angileri,3739
rlivsey,3740
tibetsprague,3741
martinbtt,3742
sschroed,3743
jmckible,3744
padione,3745
skippy,3746
intridea,3747
aphyr,3748
clemens,3749
zooxmusic,3750
hjw3001,3751
bogado,3781
zerok,3782
sidecut,3783
raykrueger,3784
mattb,3785
dadiv,3786
pivou,3787
tomasc,3788
rapidan,3789
talmuth,3790
demerzel,3791
gueorgui,3792
fons,3793
mpeychich,3794
bpo,3795
st23am,3796
blandest,3797
bburris,3798
paulhammond,3799
mguterl,3800
jacksoncharles,3801
sushimako,3803
OleTraveler,3804
mattenat,3805
scudco,3806
tlindner,3808
netshade,3809
rosholt,3810
jonjensen,3811
dneumeyer,3812
jonthetourist,3813
oneup,3815
jfairbairn,3816
daveyeu,3817
EdwardBetts,3818
georges,3819
tmadeira,3820
flynx,3821
filiptepper,3822
speedmax,3823
goran,3824
itfrombit,3825
natedog,3826
codebutler,3827
tbuser,3828
knewter,3829
porras,3830
jks,3831
bomberstudios,3832
paramthegreat,3833
dams,3834
nowa,3835
HP,3836
bhubbard,3837
corey,3838
javier,3839
paulbjensen,3840
map-zz,3841
alvarocamba,3842
mokeefe,3843
dougbarth,3844
psynix,3845
jeremyevans,3846
martine,3847
motdotla,3848
ubuntufreak,3849
jorbsd,3850
Wang,3851
daxpayne,3852
justinabrahms,3853
zuwiki,3854
jdkcn,3855
mrluanma,3856
lucashungaro,3857
gopaczewski,3858
yipdw,3859
hmoniaga,3860
githubber,3861
kenwiesner,3862
Sen,3863
zengjie,3864
tristanking,3865
notahat,3866
rayvinly,3867
mthomas,3868
zachhale,3869
swaroopbhandary,3870
nbezzala,3871
rohankini,3872
comatosekid,3873
yesudeep,3874
kevinni,3876
isak,3878
MerlinDMC,3879
nickolai,3881
cahe,3882
rarepleasures,3883
DataWraith,3884
shinyford,3885
sconrad,3886
erikprice,3916
lazzarello,3917
patroy,3918
jeremyvdw,3919
rotty,3920
dayne,3921
tekkyjim,3922
cfunk,3923
ylh,3924
chuckadams,3925
daverankin,3926
miriam,3927
patdurst,3928
ryanLonac,3929
nachof,3931
rafamvc,3932
turki,3933
prashant,3934
pete,3936
roblesfc,3937
leshill,3938
pauld,3939
vik407,3940
semka,3941
tgdavies,3942
inki,3943
pfdemuizon,3944
chrismartin,3945
kyc,3946
brianheylin,3947
arunagw,3948
noplans,3949
youngmrcurtis,3950
kohlhofer,3952
tmaeda,3953
snoozer05,3954
cpjobling,3955
idea-nickcooper,3956
trevorg75,3957
ace,3958
mrkn,3959
simongroenewolt,3960
zoecity,3961
coreyhaines,3962
milan,3963
wonsys,3964
simo2409,3965
djcp,3966
dreamer,3967
jpzwarte,3968
nightfall-zz,3969
june29,3970
HusseinMorsy,3971
radicalbender,3972
venkat,3973
danhigham,3974
carter,3975
jhanekom,3976
tmc,3977
ilowe,3978
LeonB,3979
robertfeldt,3980
techbelly,3981
neilcauldwell,3982
derigel,3983
igreg,3985
kirjatoukka,3986
walker,3987
mt,3988
prashanthellina,3989
aks,3990
deanwampler,3991
mamuso,3992
brew,3993
RipTheJacker,3994
gkeohane,3995
timwraight,3996
naruse,3997
srid,3998
zerowidth,3999
pjpartridge,4000
lingermedia,4001
Bill,4002
shibu,4003
rikur,4004
jpemberthy,4005
jamesbritt,4006
bluebox-xx,4007
walker233,4008
lordaniel,4009
cedjo,4010
operations,4011
heijmerikx,4012
Juo,4013
blim8183,4014
cnu,4015
dbalmain,4016
jimweirich,4017
pyu10055,4018
DougHall,4019
tsgates,4051
aaronkhawkins,4052
kevinoneill,4053
we4tech,4054
mattmccray,4055
fadhlirahim,4056
tra,4057
willcannings,4058
t3lltal3,4059
derailed,4060
sirn,4061
gumayunov,4062
chipx86,4063
jeffrafter,4064
MiloCasagrande,4065
geku,4066
jamescook,4067
frafra,4068
pauek,4069
csolallo,4070
kailf,4071
jeremyd,4072
erichtimkar,4073
mtarnovan,4074
eastmedia,4075
patrikf,4076
zacharyc,4077
baroquon,4078
Jonnotie,4079
venkata,4080
stellsmi,4081
ylh888,4082
tvc123,4083
ekarlsso,4084
tongueroo,4085
jbasdf,4086
Madrox,4087
qzio,4088
jrcahoon,4089
cout,4090
iroach,4091
joho,4092
purp,4093
justinbkay,4094
tinomen,4095
johnnyt,4096
ttyerl,4097
stmcallister,4098
raddesignsdavid,4099
juozasg,4100
spig,4101
mflathers,4102
devender,4103
gettalong,4104
ramdiv,4105
Juice10,4106
morgan-xx,4107
itzsuresh,4108
PhazeDK,4109
stereotype,4110
torbjorn,4111
ALexanderLonsky,4112
wzph,4113
BadMinus,4114
rahul286,4115
subtleGradient,4117
alekenji,4118
jesperf,4119
emetge,4120
dreiss,4121
pezra,4122
ananthmv,4123
tthorley,4124
FiReMaGe,4125
benatkin,4126
onethirtyfive,4127
haklop,4128
tmking,4129
chrisconley,4130
erwanb,4131
boldpilot,4132
kselman,4133
markpagna,4135
supaspoida,4137
geemus,4138
jfinch3,4140
JeremyL,4141
huitseeker,4142
aaslannn,4143
tobycox,4144
eichert12,4145
iamjwc,4146
tank157,4147
cmelhorn,4148
domainsquatter,4149
box2small,4150
jenthefen,4151
aaronfeng,4152
hrusev,4153
stephen-xx,4154
tiefox,4186
tongson,4187
roberto,4188
fredoliveira,4189
alertmybanjos,4190
zackham,4191
fronx,4192
vitaly,4193
xilinus,4194
hadley,4196
dillo,4197
Aplusplus,4198
shlomiatar,4199
andreascreten,4200
vineet,4201
tpinto,4202
taasaa,4203
ddipaolo,4204
cowboyd,4205
kenegozi,4206
rburdick,4207
bluemango,4208
passionategrace,4209
mgeimer,4210
realitybender,4212
brendanmetzger,4213
carlgaywood,4214
nathos,4215
gkossakowski,4217
hntrmrrs,4218
rjmooney,4219
lownoiseamp,4220
EvanFBC,4221
kebernet,4222
rails,4223
HeatherR,4224
naveenvem,4225
moonpolysoft,4226
bradly,4227
roytang,4228
zain,4229
rlisagor,4230
janhuehne,4231
tuncer,4232
alokjain1,4233
kjetilod,4234
v1100110,4235
savonarola,4236
omork,4237
jayshepherd,4238
nato,4239
elchingon,4240
mowli,4241
zhware,4242
lego,4243
Beladona,4244
precision,4245
krimple,4246
jhuckabee,4247
pixelcat,4248
kitplummer,4249
sbellity,4250
Vinnl,4251
peterberkenbosch,4252
adkron,4253
ismail,4255
cobuso,4256
kseebaldt,4257
bsy,4258
schleyfox,4259
redpidgin,4261
justinwiley,4262
cwillmor,4263
willbailey,4264
mferrier,4265
mjurinci,4266
mattyt,4267
jaredg,4268
timkeller,4269
boosty,4270
saturnflyer,4271
long,4272
lbadura,4273
meantheory,4275
bernard,4276
yaroslav,4277
avit,4278
timcowlishaw,4279
yaykyle,4280
clanfx,4281
jisraelsen,4282
ryw,4283
squidmark,4284
daviscabral,4285
jrmitch,4286
stevegio,4287
jevon,4289
cartazio,4290
ranjhith,4291
smparkes,4292
jiku,4321
dshaw,4322
Flare183,4323
cwalcott,4324
danm,4325
gisle,4326
ilya,4327
tswicegood,4328
caillette,4329
bobbywilson0,4330
pauldix,4331
ngredk,4332
sandkassen,4333
xopok,4334
nogoth,4335
vometa,4336
loopion,4337
stouset,4338
mattgillooly,4339
jsmecham,4340
daved-zz,4341
FiXato,4342
mrjjwright,4343
nixme,4344
hutch,4345
lukesneeringer,4346
theworkisdone,4347
jtanner,4348
lcbiazon,4349
niepi,4350
aogail,4351
paulmwatson,4352
makenosound,4353
bkerley,4354
shaun,4355
eriktigerholm,4356
avonderluft,4357
serpensalbus,4358
alderete,4359
random-xx,4360
veganstraightedge,4361
gwhilts,4362
tokenmathguy,4363
juanpare,4364
jamtur01,4365
digmig,4366
Sudak,4367
griff,4368
dav,4369
matid,4370
diegoviola,4371
youhei,4372
jabberwockysuperfly,4373
crossblaim,4374
joshuamiller,4375
justinperkins,4376
leachim6,4377
chrisdrackett,4378
seouri,4379
khalsah,4380
btm,4381
theo,4382
antw,4383
migrs,4384
bradley-xx,4385
ttriche,4386
piis3,4387
oliyoung,4388
folletto,4389
sellersj,4390
episod,4391
ynw,4393
bando,4394
matsuu,4395
braceta,4396
anthonywebb,4397
eegs,4398
tylerrooney,4399
jamesbrooks,4400
wuwx,4401
seongilp,4402
RyanSylvestre,4403
anibalcucco,4404
sinclair,4405
thomazleite,4406
davidciani,4407
kristopher,4408
mbailey,4409
adjioev,4410
timander,4411
scottmcmillin,4412
vkurup,4413
dinsley,4414
ge,4415
ganders,4416
rafaja,4418
rusty0606,4420
serhei,4421
armooo,4422
rteuscher,4423
addywaddy,4456
jasoncale,4457
ivan,4458
robwilliams,4459
madsweitling,4460
scbunn,4461
ThQ,4462
blaisdellk,4463
hamzakc,4464
danoo,4465
voitto,4466
jasonmadigan,4467
snaewe,4468
ccjr,4469
qupada,4470
strass,4471
abie,4472
gspettel,4473
petrov,4474
imunitic,4475
fadur,4476
hunter107,4477
sw,4478
kwatch,4479
brianw,4481
camelfront,4482
arfon,4483
robe5,4484
tokengeek,4485
madmax,4486
swombat,4488
gabidobocan,4489
tvandervossen,4490
queuetue,4491
konryd,4492
brendanhay,4493
dejan,4494
radarek,4495
hooligan495,4496
railsmachine,4497
ian-xx,4498
schrader,4499
rudyryk,4500
esmarkowski,4501
mjwillson,4502
weverton,4503
agorajay,4505
marinho,4506
geezeoweb,4507
zomo,4508
bsherron,4509
oleg,4510
maxlapshin,4511
codesnik,4512
asosa,4513
calebell,4514
aviflombaum,4515
archerzz,4516
dwaite,4517
elwoodicious,4518
lak,4519
timharding,4520
jondkinney,4521
erino,4522
mlapshin,4523
alsemyonov,4524
iko,4525
lonny,4526
b0bben,4527
venkatesh,4528
abrons,4529
thatswinnie,4530
vesan,4531
andrewtilt,4532
bishopandco,4533
nabeken,4534
harris,4535
squishy,4536
cbellrel,4537
srbaker,4538
rodprice,4539
andymcintosh,4540
tmonk42,4541
psyllo,4542
codeword,4543
rander,4544
johnreilly,4545
fkattan,4546
josielkuk,4547
pmrp,4548
tetsuo692,4549
mike-burns,4550
jareCare,4551
danorine,4552
phaza,4553
jameyc,4554
jcangas,4555
ryanschwartz,4556
ihower,4557
jlahijani,4558
krsmurata,4591
konklone,4592
kavaXtreme,4593
rmanocha,4594
bensie,4595
steviec,4596
zzztimbo,4597
aaronbatalion,4598
jpg,4599
aantix,4600
spatrik,4601
amishyn,4602
SEJeff,4603
dlapiduz,4604
jakub,4605
adeel,4606
kleb,4607
MichaelRHead,4608
hlb,4609
harinath,4610
jpath,4611
fbrunel,4612
rfb,4613
joelmoss,4614
Brandhor,4615
tenpaiyomi,4616
gdevelop,4618
omgitsads,4619
jterk,4620
bradediger,4621
netinlet,4622
meeech,4623
indexzero,4624
seanchas,4625
jgormley,4626
flesaker,4627
bradgessler,4628
maddy,4629
geirfreysson,4630
gammax,4631
jyurek,4632
twesterberg,4633
erlend,4634
zzot,4635
ajt,4636
kiko,4638
cemcatik,4639
geraldalewis,4640
aleksenko,4641
idyll,4642
garth,4643
simianstyle,4644
superbilk,4645
eugenebolshakov,4646
brianvz,4647
kennyroo,4648
rdouble,4649
davrodpin,4650
joshmh,4651
fuzzygroup,4652
edujared,4653
zdweeb,4654
vroy,4655
eager,4656
moklett,4657
bcr,4658
scheerer,4659
paulo,4660
jamilsaid,4661
austinthecoder,4664
jochu,4665
drewblas,4666
mvazquez,4667
burrows,4668
burrows-dupe,4669
philmang,4670
micahphone,4671
ivanoats,4672
friedman,4673
trinque,4674
janfoeh,4675
com4,4676
kaidenvo,4677
sean-brandt,4678
javila,4679
evansj,4680
burnthegreat,4681
joselo,4682
luvogels,4684
chrismdp,4685
rorra,4686
johnson,4687
boludo103,4688
alevy,4689
jystewart,4690
beathyate,4691
caleb,4692
Packetslave,4693
Svashta,4694
ladidadi,4695
pugetive,4726
brandonweiss,4727
adammaddox,4728
mikew,4729
bigboxsoftware,4730
reefdog,4731
jashkenas,4732
markcp,4733
vin,4734
klauern,4735
rsim,4736
mahadewa,4737
andreyagra,4738
aseeon,4739
oepiner,4740
Thomazr,4741
elasticdog,4742
radious,4743
sagmor,4744
beet,4745
toland,4746
Resub,4747
curve,4748
primary0,4749
theIV,4750
ladrilho,4751
survival,4752
jthomp,4753
eoin,4754
bigonazzi,4755
johndagostino,4756
edibiase,4757
ejunker,4758
sofal,4759
sjatkinson,4760
jimbartek,4761
13k,4762
gxam,4763
eki,4764
adamcooke,4765
carlos,4766
BrianCS,4768
tomfakes,4769
dalmaer,4770
pandorashold,4771
august,4772
andywatts,4773
mueller,4774
cp-zz,4775
davea,4776
tjittedevries,4777
mehdig,4778
galo2099,4779
frosty,4780
Hellblazer,4781
winterchord,4782
grimen,4783
Hates,4784
johnt,4785
eduardoreche,4786
nicwolff,4787
vmurthy,4788
jimfisher,4789
karmi,4790
duncanmak,4791
bookwyrm,4792
mbcharbonneau,4793
MarshalGeazipp,4794
bentoner,4795
gregplumbly,4796
cparnot,4797
skenney26,4798
pjf-xx,4799
byu,4800
jjburka,4801
tonyarnold,4802
nkg,4803
ryantm,4804
cgriego,4805
yourabi,4807
scbarber,4808
sweetleon,4809
AaronH,4810
abharambe,4811
cesar,4812
vaskom,4813
keolo,4814
rubys,4815
olg,4816
lukebayes,4817
MarkH,4818
prometheusxx,4820
timheuer,4821
esjewett,4822
jvalentini,4823
pauldavis,4824
Mori,4825
teehemkay,4826
Tolmark12,4827
ericbmerritt,4828
rystyle,4861
munshkr,4862
gangster,4863
xzh,4864
gnarg,4865
cpm,4866
plentz,4867
tockrock,4868
bhanu,4869
gleb,4870
dmholmes,4871
kasei,4872
mattapayne,4873
ruanwz,4874
sumanpark,4875
genki,4876
bdmac97,4878
kbierbaum,4879
kkung,4880
sergeyk,4881
topray,4882
rakuto,4883
satoko,4884
codian,4886
erebor,4887
marciotrindade,4888
ktowle,4889
asapnet,4890
gdeglin,4891
jstirk,4892
practicingruby,4893
rparker,4894
tasc,4895
kngr,4896
DrStrngeluv,4897
nicholasjon,4898
kaksisa,4899
arnie,4900
nfraser,4901
sbarski,4902
rboyer,4903
matthieu,4904
jmax,4905
arieliten,4906
twalling,4907
karthikc,4908
mblsha,4909
raecoo,4910
glhaynes,4911
sikachu,4912
synthemesc,4913
dfmonaco,4914
jaux,4915
endrick-duplicate,4916
endrick,4917
brycethornton,4918
aaronsw,4919
verbena1,4920
masch,4921
geshido,4922
stephena,4924
sjs,4925
michaeldv,4926
eugeneotto,4927
yuhonas,4928
thomasswift,4929
parolkar,4930
ascarter,4931
bb,4932
javierarce,4933
jennyw,4934
aquateen,4935
jespera,4936
coreyti,4937
znmeb,4938
mht,4939
hamaco,4940
aamar,4941
pjo,4942
farktronix,4943
bouchard,4944
nikonoid,4945
muarifer,4946
kfowler,4947
coldpie,4948
Jose-xx,4949
ob,4950
happygiraffe,4951
hannal,4952
zdavatz,4953
erick,4954
billmuell,4955
michail,4956
aok,4958
springkid,4959
Bertrand,4960
Jaehyuni,4961
bendiken,4963
paulsturgess,4964
larsen,4965
kib2,4996
jot,4997
danbt79,4998
refacho,4999
polaris,5000
humanzz,5001
michalzielanski,5003
drogus,5004
Dearon,5005
mkurlavicius,5006
jcouture,5007
skrat,5008
Patterner,5009
ole,5010
mje113,5011
slaney,5012
tanob,5013
giuliapo,5014
cpytel,5015
garagumu,5016
ptdorf,5017
GordEwan,5019
mattchan,5021
balinterdi,5022
mratliff,5023
thiagoaos,5024
jacksonpires,5025
osuGrad,5026
softa,5027
desaperados,5028
russinholi,5029
wstearns,5031
Darwood,5032
xmxwx,5033
lukaso,5034
bchandle,5035
stoney,5036
oriel,5037
jmrepetti,5038
unnu,5039
valthon,5040
kkeithlea,5041
norman,5042
thelinuxlich,5043
shanebo,5044
GarrettMoore,5046
ngpestelos,5047
pripple,5048
socrates,5049
r7000,5050
zzzirk,5051
rheimbuch,5052
aftosmis,5053
tiegz,5054
is73,5055
ttasanen,5056
digicyc,5057
dallas,5059
jefflin,5060
alextp,5061
kofuchs,5062
mhinze,5063
davidw,5064
mjw,5065
mushtaq,5066
qosh,5067
jebh,5068
juanghurtado,5070
federico,5071
wyctim,5072
papercreatures,5073
rmueller,5074
Kikimora,5075
bjallen,5076
JonGretar,5077
rnaveiras,5078
Kett,5079
nhe,5081
rossriley,5082
franck,5083
coolbox,5084
EcmaSoft,5085
harborhoffer,5086
fbatista,5087
thbishop,5088
jodosha,5089
joshuashen,5090
dmitry,5091
casefoundation,5092
feldpost,5093
deweerdt,5094
colindensem,5096
BobWalsh,5097
phpwax,5098
sbfaulkner,5099
KZolk,5100
tmak,5101
tinova,5102
netnose,5103
garru,5104
